"U:0","U:1","U:2","p","vtkValidPointMask","arc_length","Points:0","Points:1","Points:2"
0,0,0,-0.26966,1,0,0,0.5,0
-4.6583e-05,0.0017048,0,-0.2743,1,0.001,0.001,0.5,0
-9.3165e-05,0.0034095,0,-0.27894,1,0.002,0.002,0.5,0
-0.00013975,0.0051143,0,-0.28358,1,0.003,0.003,0.5,0
-0.00018633,0.006819,0,-0.28822,1,0.004,0.004,0.5,0
-0.00023291,0.0085238,0,-0.29286,1,0.005,0.005,0.5,0
-0.0002795,0.010229,0,-0.29751,1,0.006,0.006,0.5,0
-0.00032608,0.011933,0,-0.30215,1,0.007,0.007,0.5,0
-0.00037266,0.013638,0,-0.30679,1,0.008,0.008,0.5,0
-0.00041924,0.015343,0,-0.31143,1,0.009,0.009,0.5,0
-0.00046583,0.017048,0,-0.31607,1,0.01,0.01,0.5,0
-0.000578,0.018684,0,-0.32456,1,0.011,0.011,0.5,0
-0.00069018,0.020321,0,-0.33305,1,0.012,0.012,0.5,0
-0.00080235,0.021957,0,-0.34154,1,0.013,0.013,0.5,0
-0.00091453,0.023594,0,-0.35003,1,0.014,0.014,0.5,0
-0.0010267,0.025231,0,-0.35852,1,0.015,0.015,0.5,0
-0.0011389,0.026867,0,-0.36701,1,0.016,0.016,0.5,0
-0.0012511,0.028504,0,-0.3755,1,0.017,0.017,0.5,0
-0.0013632,0.03014,0,-0.38399,1,0.018,0.018,0.5,0
-0.0014754,0.031777,0,-0.39248,1,0.019,0.019,0.5,0
-0.0015876,0.033414,0,-0.40097,1,0.02,0.02,0.5,0
-0.0017779,0.034977,0,-0.40814,1,0.021,0.021,0.5,0
-0.0019681,0.036541,0,-0.41531,1,0.022,0.022,0.5,0
-0.0021584,0.038104,0,-0.42248,1,0.023,0.023,0.5,0
-0.0023487,0.039668,0,-0.42965,1,0.024,0.024,0.5,0
-0.002539,0.041231,0,-0.43682,1,0.025,0.025,0.5,0
-0.0027292,0.042795,0,-0.44399,1,0.026,0.026,0.5,0
-0.0029195,0.044358,0,-0.45116,1,0.027,0.027,0.5,0
-0.0031098,0.045922,0,-0.45833,1,0.028,0.028,0.5,0
-0.0033001,0.047485,0,-0.4655,1,0.029,0.029,0.5,0
-0.0034903,0.049049,0,-0.47267,1,0.03,0.03,0.5,0
-0.0037482,0.050535,0,-0.4791,1,0.031,0.031,0.5,0
-0.0040061,0.052021,0,-0.48554,1,0.032,0.032,0.5,0
-0.004264,0.053508,0,-0.49197,1,0.033,0.033,0.5,0
-0.0045219,0.054994,0,-0.49841,1,0.034,0.034,0.5,0
-0.0047798,0.05648,0,-0.50484,1,0.035,0.035,0.5,0
-0.0050377,0.057966,0,-0.51128,1,0.036,0.036,0.5,0
-0.0052956,0.059453,0,-0.51771,1,0.037,0.037,0.5,0
-0.0055535,0.060939,0,-0.52415,1,0.038,0.038,0.5,0
-0.0058114,0.062425,0,-0.53058,1,0.039,0.039,0.5,0
-0.0060693,0.063911,0,-0.53702,1,0.04,0.04,0.5,0
-0.0063887,0.065317,0,-0.54302,1,0.041,0.041,0.5,0
-0.0067081,0.066722,0,-0.54902,1,0.042,0.042,0.5,0
-0.0070275,0.068128,0,-0.55502,1,0.043,0.043,0.5,0
-0.0073469,0.069533,0,-0.56102,1,0.044,0.044,0.5,0
-0.0076663,0.070939,0,-0.56702,1,0.045,0.045,0.5,0
-0.0079857,0.072344,0,-0.57302,1,0.046,0.046,0.5,0
-0.0083051,0.07375,0,-0.57902,1,0.047,0.047,0.5,0
-0.0086245,0.075155,0,-0.58502,1,0.048,0.048,0.5,0
-0.0089439,0.076561,0,-0.59102,1,0.049,0.049,0.5,0
-0.0092633,0.077966,0,-0.59702,1,0.05,0.05,0.5,0
-0.0096393,0.079288,0,-0.60254,1,0.051,0.051,0.5,0
-0.010015,0.08061,0,-0.60806,1,0.052,0.052,0.5,0
-0.010391,0.081932,0,-0.61358,1,0.053,0.053,0.5,0
-0.010767,0.083253,0,-0.6191,1,0.054,0.054,0.5,0
-0.011143,0.084575,0,-0.62462,1,0.055,0.055,0.5,0
-0.011519,0.085897,0,-0.63014,1,0.056,0.056,0.5,0
-0.011895,0.087219,0,-0.63566,1,0.057,0.057,0.5,0
-0.012271,0.08854,0,-0.64118,1,0.058,0.058,0.5,0
-0.012647,0.089862,0,-0.6467,1,0.059,0.059,0.5,0
-0.013023,0.091184,0,-0.65222,1,0.06,0.06,0.5,0
-0.013451,0.092419,0,-0.65724,1,0.061,0.061,0.5,0
-0.013878,0.093655,0,-0.66226,1,0.062,0.062,0.5,0
-0.014306,0.09489,0,-0.66727,1,0.063,0.063,0.5,0
-0.014733,0.096126,0,-0.67229,1,0.064,0.064,0.5,0
-0.015161,0.097361,0,-0.67731,1,0.065,0.065,0.5,0
-0.015588,0.098597,0,-0.68233,1,0.066,0.066,0.5,0
-0.016015,0.099833,0,-0.68735,1,0.067,0.067,0.5,0
-0.016443,0.10107,0,-0.69236,1,0.068,0.068,0.5,0
-0.01687,0.1023,0,-0.69738,1,0.069,0.069,0.5,0
-0.017298,0.10354,0,-0.7024,1,0.07,0.07,0.5,0
-0.017771,0.10469,0,-0.70692,1,0.071,0.071,0.5,0
-0.018245,0.10583,0,-0.71144,1,0.072,0.072,0.5,0
-0.018718,0.10698,0,-0.71596,1,0.073,0.073,0.5,0
-0.019192,0.10813,0,-0.72048,1,0.074,0.074,0.5,0
-0.019665,0.10928,0,-0.72501,1,0.075,0.075,0.5,0
-0.020139,0.11042,0,-0.72953,1,0.076,0.076,0.5,0
-0.020613,0.11157,0,-0.73405,1,0.077,0.077,0.5,0
-0.021086,0.11272,0,-0.73857,1,0.078,0.078,0.5,0
-0.02156,0.11387,0,-0.74309,1,0.079,0.079,0.5,0
-0.022033,0.11501,0,-0.74761,1,0.08,0.08,0.5,0
-0.022548,0.11607,0,-0.75164,1,0.081,0.081,0.5,0
-0.023062,0.11713,0,-0.75567,1,0.082,0.082,0.5,0
-0.023576,0.11819,0,-0.7597,1,0.083,0.083,0.5,0
-0.024091,0.11924,0,-0.76372,1,0.084,0.084,0.5,0
-0.024605,0.1203,0,-0.76775,1,0.085,0.085,0.5,0
-0.02512,0.12136,0,-0.77178,1,0.086,0.086,0.5,0
-0.025634,0.12242,0,-0.77581,1,0.087,0.087,0.5,0
-0.026149,0.12348,0,-0.77984,1,0.088,0.088,0.5,0
-0.026663,0.12453,0,-0.78387,1,0.089,0.089,0.5,0
-0.027177,0.12559,0,-0.78789,1,0.09,0.09,0.5,0
-0.027728,0.12656,0,-0.79144,1,0.091,0.091,0.5,0
-0.028278,0.12753,0,-0.79498,1,0.092,0.092,0.5,0
-0.028828,0.12849,0,-0.79852,1,0.093,0.093,0.5,0
-0.029378,0.12946,0,-0.80206,1,0.094,0.094,0.5,0
-0.029928,0.13043,0,-0.8056,1,0.095,0.095,0.5,0
-0.030478,0.13139,0,-0.80914,1,0.096,0.096,0.5,0
-0.031029,0.13236,0,-0.81268,1,0.097,0.097,0.5,0
-0.031579,0.13333,0,-0.81622,1,0.098,0.098,0.5,0
-0.032129,0.1343,0,-0.81976,1,0.099,0.099,0.5,0
-0.032679,0.13526,0,-0.8233,1,0.1,0.1,0.5,0
-0.03326,0.13614,0,-0.82636,1,0.101,0.101,0.5,0
-0.033841,0.13702,0,-0.82942,1,0.102,0.102,0.5,0
-0.034422,0.13789,0,-0.83248,1,0.103,0.103,0.5,0
-0.035003,0.13877,0,-0.83554,1,0.104,0.104,0.5,0
-0.035584,0.13965,0,-0.8386,1,0.105,0.105,0.5,0
-0.036165,0.14052,0,-0.84166,1,0.106,0.106,0.5,0
-0.036745,0.1414,0,-0.84472,1,0.107,0.107,0.5,0
-0.037326,0.14228,0,-0.84778,1,0.108,0.108,0.5,0
-0.037907,0.14315,0,-0.85084,1,0.109,0.109,0.5,0
-0.038488,0.14403,0,-0.8539,1,0.11,0.11,0.5,0
-0.039095,0.14482,0,-0.85649,1,0.111,0.111,0.5,0
-0.039702,0.1456,0,-0.85908,1,0.112,0.112,0.5,0
-0.040308,0.14639,0,-0.86166,1,0.113,0.113,0.5,0
-0.040915,0.14717,0,-0.86425,1,0.114,0.114,0.5,0
-0.041522,0.14796,0,-0.86684,1,0.115,0.115,0.5,0
-0.042129,0.14875,0,-0.86942,1,0.116,0.116,0.5,0
-0.042736,0.14953,0,-0.87201,1,0.117,0.117,0.5,0
-0.043342,0.15032,0,-0.8746,1,0.118,0.118,0.5,0
-0.043949,0.1511,0,-0.87718,1,0.119,0.119,0.5,0
-0.044556,0.15189,0,-0.87977,1,0.12,0.12,0.5,0
-0.045184,0.15258,0,-0.88189,1,0.121,0.121,0.5,0
-0.045812,0.15328,0,-0.88402,1,0.122,0.122,0.5,0
-0.04644,0.15398,0,-0.88614,1,0.123,0.123,0.5,0
-0.047068,0.15467,0,-0.88827,1,0.124,0.124,0.5,0
-0.047696,0.15537,0,-0.89039,1,0.125,0.125,0.5,0
-0.048324,0.15606,0,-0.89251,1,0.126,0.126,0.5,0
-0.048952,0.15676,0,-0.89464,1,0.127,0.127,0.5,0
-0.049579,0.15745,0,-0.89676,1,0.128,0.128,0.5,0
-0.050207,0.15815,0,-0.89888,1,0.129,0.129,0.5,0
-0.050835,0.15884,0,-0.90101,1,0.13,0.13,0.5,0
-0.05148,0.15945,0,-0.90268,1,0.131,0.131,0.5,0
-0.052125,0.16006,0,-0.90435,1,0.132,0.132,0.5,0
-0.052769,0.16066,0,-0.90602,1,0.133,0.133,0.5,0
-0.053414,0.16127,0,-0.90769,1,0.134,0.134,0.5,0
-0.054059,0.16188,0,-0.90936,1,0.135,0.135,0.5,0
-0.054703,0.16248,0,-0.91103,1,0.136,0.136,0.5,0
-0.055348,0.16309,0,-0.9127,1,0.137,0.137,0.5,0
-0.055992,0.16369,0,-0.91437,1,0.138,0.138,0.5,0
-0.056637,0.1643,0,-0.91605,1,0.139,0.139,0.5,0
-0.057282,0.16491,0,-0.91772,1,0.14,0.14,0.5,0
-0.057939,0.16542,0,-0.91895,1,0.141,0.141,0.5,0
-0.058596,0.16594,0,-0.92018,1,0.142,0.142,0.5,0
-0.059253,0.16646,0,-0.92141,1,0.143,0.143,0.5,0
-0.05991,0.16698,0,-0.92264,1,0.144,0.144,0.5,0
-0.060567,0.1675,0,-0.92387,1,0.145,0.145,0.5,0
-0.061224,0.16802,0,-0.9251,1,0.146,0.146,0.5,0
-0.061881,0.16853,0,-0.92633,1,0.147,0.147,0.5,0
-0.062538,0.16905,0,-0.92756,1,0.148,0.148,0.5,0
-0.063195,0.16957,0,-0.92879,1,0.149,0.149,0.5,0
-0.063852,0.17009,0,-0.93002,1,0.15,0.15,0.5,0
-0.064518,0.17052,0,-0.93082,1,0.151,0.151,0.5,0
-0.065183,0.17095,0,-0.93162,1,0.152,0.152,0.5,0
-0.065848,0.17138,0,-0.93243,1,0.153,0.153,0.5,0
-0.066514,0.17182,0,-0.93323,1,0.154,0.154,0.5,0
-0.067179,0.17225,0,-0.93403,1,0.155,0.155,0.5,0
-0.067845,0.17268,0,-0.93483,1,0.156,0.156,0.5,0
-0.06851,0.17311,0,-0.93563,1,0.157,0.157,0.5,0
-0.069175,0.17354,0,-0.93644,1,0.158,0.158,0.5,0
-0.069841,0.17397,0,-0.93724,1,0.159,0.159,0.5,0
-0.070506,0.17441,0,-0.93804,1,0.16,0.16,0.5,0
-0.071176,0.17475,0,-0.93843,1,0.161,0.161,0.5,0
-0.071846,0.1751,0,-0.93882,1,0.162,0.162,0.5,0
-0.072516,0.17545,0,-0.93921,1,0.163,0.163,0.5,0
-0.073186,0.1758,0,-0.93959,1,0.164,0.164,0.5,0
-0.073856,0.17614,0,-0.93998,1,0.165,0.165,0.5,0
-0.074526,0.17649,0,-0.94037,1,0.166,0.166,0.5,0
-0.075196,0.17684,0,-0.94076,1,0.167,0.167,0.5,0
-0.075866,0.17719,0,-0.94115,1,0.168,0.168,0.5,0
-0.076536,0.17753,0,-0.94153,1,0.169,0.169,0.5,0
-0.077206,0.17788,0,-0.94192,1,0.17,0.17,0.5,0
-0.077877,0.17814,0,-0.94191,1,0.171,0.171,0.5,0
-0.078548,0.17841,0,-0.9419,1,0.172,0.172,0.5,0
-0.079219,0.17867,0,-0.94189,1,0.173,0.173,0.5,0
-0.07989,0.17894,0,-0.94188,1,0.174,0.174,0.5,0
-0.080561,0.17921,0,-0.94186,1,0.175,0.175,0.5,0
-0.081232,0.17947,0,-0.94185,1,0.176,0.176,0.5,0
-0.081903,0.17974,0,-0.94184,1,0.177,0.177,0.5,0
-0.082574,0.18,0,-0.94183,1,0.178,0.178,0.5,0
-0.083245,0.18027,0,-0.94182,1,0.179,0.179,0.5,0
-0.083917,0.18053,0,-0.94181,1,0.18,0.18,0.5,0
-0.084585,0.18072,0,-0.94141,1,0.181,0.181,0.5,0
-0.085254,0.1809,0,-0.94101,1,0.182,0.182,0.5,0
-0.085923,0.18109,0,-0.94061,1,0.183,0.183,0.5,0
-0.086592,0.18127,0,-0.94022,1,0.184,0.184,0.5,0
-0.08726,0.18146,0,-0.93982,1,0.185,0.185,0.5,0
-0.087929,0.18164,0,-0.93942,1,0.186,0.186,0.5,0
-0.088598,0.18183,0,-0.93903,1,0.187,0.187,0.5,0
-0.089267,0.18201,0,-0.93863,1,0.188,0.188,0.5,0
-0.089936,0.1822,0,-0.93823,1,0.189,0.189,0.5,0
-0.090604,0.18238,0,-0.93784,1,0.19,0.19,0.5,0
-0.091268,0.18249,0,-0.93707,1,0.191,0.191,0.5,0
-0.091931,0.1826,0,-0.93631,1,0.192,0.192,0.5,0
-0.092595,0.18271,0,-0.93554,1,0.193,0.193,0.5,0
-0.093259,0.18281,0,-0.93477,1,0.194,0.194,0.5,0
-0.093922,0.18292,0,-0.93401,1,0.195,0.195,0.5,0
-0.094586,0.18303,0,-0.93324,1,0.196,0.196,0.5,0
-0.095249,0.18314,0,-0.93247,1,0.197,0.197,0.5,0
-0.095913,0.18325,0,-0.93171,1,0.198,0.198,0.5,0
-0.096576,0.18335,0,-0.93094,1,0.199,0.199,0.5,0
-0.09724,0.18346,0,-0.93017,1,0.2,0.2,0.5,0
-0.097895,0.1835,0,-0.92905,1,0.201,0.201,0.5,0
-0.098551,0.18353,0,-0.92793,1,0.202,0.202,0.5,0
-0.099206,0.18356,0,-0.92681,1,0.203,0.203,0.5,0
-0.099862,0.1836,0,-0.92569,1,0.204,0.204,0.5,0
-0.10052,0.18363,0,-0.92457,1,0.205,0.205,0.5,0
-0.10117,0.18366,0,-0.92345,1,0.206,0.206,0.5,0
-0.10183,0.1837,0,-0.92233,1,0.207,0.207,0.5,0
-0.10248,0.18373,0,-0.92121,1,0.208,0.208,0.5,0
-0.10314,0.18376,0,-0.92009,1,0.209,0.209,0.5,0
-0.10379,0.1838,0,-0.91897,1,0.21,0.21,0.5,0
-0.10444,0.18376,0,-0.91751,1,0.211,0.211,0.5,0
-0.10508,0.18372,0,-0.91605,1,0.212,0.212,0.5,0
-0.10573,0.18368,0,-0.9146,1,0.213,0.213,0.5,0
-0.10637,0.18365,0,-0.91314,1,0.214,0.214,0.5,0
-0.10702,0.18361,0,-0.91168,1,0.215,0.215,0.5,0
-0.10766,0.18357,0,-0.91022,1,0.216,0.216,0.5,0
-0.10831,0.18353,0,-0.90876,1,0.217,0.217,0.5,0
-0.10895,0.18349,0,-0.9073,1,0.218,0.218,0.5,0
-0.1096,0.18346,0,-0.90585,1,0.219,0.219,0.5,0
-0.11025,0.18342,0,-0.90439,1,0.22,0.22,0.5,0
-0.11088,0.18331,0,-0.90261,1,0.221,0.221,0.5,0
-0.11151,0.18321,0,-0.90083,1,0.222,0.222,0.5,0
-0.11214,0.1831,0,-0.89905,1,0.223,0.223,0.5,0
-0.11277,0.18299,0,-0.89726,1,0.224,0.224,0.5,0
-0.11341,0.18289,0,-0.89548,1,0.225,0.225,0.5,0
-0.11404,0.18278,0,-0.8937,1,0.226,0.226,0.5,0
-0.11467,0.18267,0,-0.89192,1,0.227,0.227,0.5,0
-0.1153,0.18257,0,-0.89014,1,0.228,0.228,0.5,0
-0.11594,0.18246,0,-0.88836,1,0.229,0.229,0.5,0
-0.11657,0.18235,0,-0.88658,1,0.23,0.23,0.5,0
-0.11719,0.18218,0,-0.88449,1,0.231,0.231,0.5,0
-0.1178,0.18201,0,-0.88241,1,0.232,0.232,0.5,0
-0.11842,0.18184,0,-0.88032,1,0.233,0.233,0.5,0
-0.11904,0.18167,0,-0.87823,1,0.234,0.234,0.5,0
-0.11966,0.1815,0,-0.87615,1,0.235,0.235,0.5,0
-0.12027,0.18132,0,-0.87406,1,0.236,0.236,0.5,0
-0.12089,0.18115,0,-0.87197,1,0.237,0.237,0.5,0
-0.12151,0.18098,0,-0.86989,1,0.238,0.238,0.5,0
-0.12213,0.18081,0,-0.8678,1,0.239,0.239,0.5,0
-0.12274,0.18064,0,-0.86571,1,0.24,0.24,0.5,0
-0.12334,0.1804,0,-0.86334,1,0.241,0.241,0.5,0
-0.12394,0.18017,0,-0.86096,1,0.242,0.242,0.5,0
-0.12455,0.17993,0,-0.85858,1,0.243,0.243,0.5,0
-0.12515,0.1797,0,-0.8562,1,0.244,0.244,0.5,0
-0.12575,0.17947,0,-0.85383,1,0.245,0.245,0.5,0
-0.12635,0.17923,0,-0.85145,1,0.246,0.246,0.5,0
-0.12695,0.179,0,-0.84907,1,0.247,0.247,0.5,0
-0.12755,0.17876,0,-0.84669,1,0.248,0.248,0.5,0
-0.12815,0.17853,0,-0.84432,1,0.249,0.249,0.5,0
-0.12875,0.1783,0,-0.84194,1,0.25,0.25,0.5,0
-0.12934,0.178,0,-0.83929,1,0.251,0.251,0.5,0
-0.12992,0.17771,0,-0.83663,1,0.252,0.252,0.5,0
-0.1305,0.17742,0,-0.83398,1,0.253,0.253,0.5,0
-0.13108,0.17712,0,-0.83133,1,0.254,0.254,0.5,0
-0.13167,0.17683,0,-0.82868,1,0.255,0.255,0.5,0
-0.13225,0.17654,0,-0.82603,1,0.256,0.256,0.5,0
-0.13283,0.17624,0,-0.82337,1,0.257,0.257,0.5,0
-0.13342,0.17595,0,-0.82072,1,0.258,0.258,0.5,0
-0.134,0.17566,0,-0.81807,1,0.259,0.259,0.5,0
-0.13458,0.17536,0,-0.81542,1,0.26,0.26,0.5,0
-0.13514,0.17502,0,-0.8125,1,0.261,0.261,0.5,0
-0.13571,0.17467,0,-0.80959,1,0.262,0.262,0.5,0
-0.13627,0.17432,0,-0.80668,1,0.263,0.263,0.5,0
-0.13684,0.17397,0,-0.80377,1,0.264,0.264,0.5,0
-0.1374,0.17362,0,-0.80086,1,0.265,0.265,0.5,0
-0.13796,0.17327,0,-0.79795,1,0.266,0.266,0.5,0
-0.13853,0.17292,0,-0.79503,1,0.267,0.267,0.5,0
-0.13909,0.17257,0,-0.79212,1,0.268,0.268,0.5,0
-0.13965,0.17222,0,-0.78921,1,0.269,0.269,0.5,0
-0.14022,0.17187,0,-0.7863,1,0.27,0.27,0.5,0
-0.14076,0.17147,0,-0.78314,1,0.271,0.271,0.5,0
-0.1413,0.17107,0,-0.77999,1,0.272,0.272,0.5,0
-0.14184,0.17067,0,-0.77683,1,0.273,0.273,0.5,0
-0.14239,0.17027,0,-0.77367,1,0.274,0.274,0.5,0
-0.14293,0.16986,0,-0.77052,1,0.275,0.275,0.5,0
-0.14347,0.16946,0,-0.76736,1,0.276,0.276,0.5,0
-0.14402,0.16906,0,-0.7642,1,0.277,0.277,0.5,0
-0.14456,0.16866,0,-0.76105,1,0.278,0.278,0.5,0
-0.1451,0.16826,0,-0.75789,1,0.279,0.279,0.5,0
-0.14564,0.16786,0,-0.75474,1,0.28,0.28,0.5,0
-0.14617,0.1674,0,-0.75135,1,0.281,0.281,0.5,0
-0.14669,0.16695,0,-0.74796,1,0.282,0.282,0.5,0
-0.14721,0.1665,0,-0.74458,1,0.283,0.283,0.5,0
-0.14773,0.16605,0,-0.74119,1,0.284,0.284,0.5,0
-0.14825,0.1656,0,-0.73781,1,0.285,0.285,0.5,0
-0.14877,0.16515,0,-0.73442,1,0.286,0.286,0.5,0
-0.14929,0.1647,0,-0.73103,1,0.287,0.287,0.5,0
-0.14981,0.16424,0,-0.72765,1,0.288,0.288,0.5,0
-0.15034,0.16379,0,-0.72426,1,0.289,0.289,0.5,0
-0.15086,0.16334,0,-0.72088,1,0.29,0.29,0.5,0
-0.15136,0.16284,0,-0.71727,1,0.291,0.291,0.5,0
-0.15186,0.16234,0,-0.71367,1,0.292,0.292,0.5,0
-0.15235,0.16185,0,-0.71007,1,0.293,0.293,0.5,0
-0.15285,0.16135,0,-0.70647,1,0.294,0.294,0.5,0
-0.15335,0.16085,0,-0.70287,1,0.295,0.295,0.5,0
-0.15385,0.16035,0,-0.69927,1,0.296,0.296,0.5,0
-0.15435,0.15985,0,-0.69566,1,0.297,0.297,0.5,0
-0.15485,0.15936,0,-0.69206,1,0.298,0.298,0.5,0
-0.15535,0.15886,0,-0.68846,1,0.299,0.299,0.5,0
-0.15585,0.15836,0,-0.68486,1,0.3,0.3,0.5,0
-0.15632,0.15782,0,-0.68106,1,0.301,0.301,0.5,0
-0.1568,0.15728,0,-0.67725,1,0.302,0.302,0.5,0
-0.15727,0.15673,0,-0.67345,1,0.303,0.303,0.5,0
-0.15775,0.15619,0,-0.66965,1,0.304,0.304,0.5,0
-0.15823,0.15565,0,-0.66584,1,0.305,0.305,0.5,0
-0.1587,0.15511,0,-0.66204,1,0.306,0.306,0.5,0
-0.15918,0.15457,0,-0.65824,1,0.307,0.307,0.5,0
-0.15965,0.15402,0,-0.65443,1,0.308,0.308,0.5,0
-0.16013,0.15348,0,-0.65063,1,0.309,0.309,0.5,0
-0.16061,0.15294,0,-0.64683,1,0.31,0.31,0.5,0
-0.16106,0.15236,0,-0.64283,1,0.311,0.311,0.5,0
-0.16151,0.15178,0,-0.63884,1,0.312,0.312,0.5,0
-0.16196,0.15119,0,-0.63485,1,0.313,0.313,0.5,0
-0.16242,0.15061,0,-0.63086,1,0.314,0.314,0.5,0
-0.16287,0.15003,0,-0.62687,1,0.315,0.315,0.5,0
-0.16332,0.14945,0,-0.62288,1,0.316,0.316,0.5,0
-0.16377,0.14886,0,-0.61889,1,0.317,0.317,0.5,0
-0.16423,0.14828,0,-0.61489,1,0.318,0.318,0.5,0
-0.16468,0.1477,0,-0.6109,1,0.319,0.319,0.5,0
-0.16513,0.14712,0,-0.60691,1,0.32,0.32,0.5,0
-0.16556,0.14649,0,-0.60274,1,0.321,0.321,0.5,0
-0.16599,0.14587,0,-0.59858,1,0.322,0.322,0.5,0
-0.16642,0.14525,0,-0.59441,1,0.323,0.323,0.5,0
-0.16684,0.14463,0,-0.59024,1,0.324,0.324,0.5,0
-0.16727,0.14401,0,-0.58608,1,0.325,0.325,0.5,0
-0.1677,0.14339,0,-0.58191,1,0.326,0.326,0.5,0
-0.16813,0.14277,0,-0.57774,1,0.327,0.327,0.5,0
-0.16856,0.14215,0,-0.57358,1,0.328,0.328,0.5,0
-0.16899,0.14153,0,-0.56941,1,0.329,0.329,0.5,0
-0.16942,0.14091,0,-0.56524,1,0.33,0.33,0.5,0
-0.16982,0.14026,0,-0.56091,1,0.331,0.331,0.5,0
-0.17022,0.1396,0,-0.55658,1,0.332,0.332,0.5,0
-0.17063,0.13894,0,-0.55225,1,0.333,0.333,0.5,0
-0.17103,0.13829,0,-0.54792,1,0.334,0.334,0.5,0
-0.17144,0.13763,0,-0.54359,1,0.335,0.335,0.5,0
-0.17184,0.13698,0,-0.53926,1,0.336,0.336,0.5,0
-0.17224,0.13632,0,-0.53493,1,0.337,0.337,0.5,0
-0.17265,0.13567,0,-0.5306,1,0.338,0.338,0.5,0
-0.17305,0.13501,0,-0.52627,1,0.339,0.339,0.5,0
-0.17346,0.13435,0,-0.52194,1,0.34,0.34,0.5,0
-0.17384,0.13367,0,-0.51746,1,0.341,0.341,0.5,0
-0.17422,0.13298,0,-0.51298,1,0.342,0.342,0.5,0
-0.1746,0.13229,0,-0.5085,1,0.343,0.343,0.5,0
-0.17498,0.1316,0,-0.50402,1,0.344,0.344,0.5,0
-0.17536,0.13091,0,-0.49954,1,0.345,0.345,0.5,0
-0.17574,0.13023,0,-0.49506,1,0.346,0.346,0.5,0
-0.17612,0.12954,0,-0.49058,1,0.347,0.347,0.5,0
-0.1765,0.12885,0,-0.4861,1,0.348,0.348,0.5,0
-0.17688,0.12816,0,-0.48162,1,0.349,0.349,0.5,0
-0.17725,0.12747,0,-0.47714,1,0.35,0.35,0.5,0
-0.17761,0.12676,0,-0.47252,1,0.351,0.351,0.5,0
-0.17797,0.12604,0,-0.4679,1,0.352,0.352,0.5,0
-0.17832,0.12532,0,-0.46328,1,0.353,0.353,0.5,0
-0.17868,0.1246,0,-0.45866,1,0.354,0.354,0.5,0
-0.17903,0.12388,0,-0.45404,1,0.355,0.355,0.5,0
-0.17939,0.12317,0,-0.44941,1,0.356,0.356,0.5,0
-0.17974,0.12245,0,-0.44479,1,0.357,0.357,0.5,0
-0.1801,0.12173,0,-0.44017,1,0.358,0.358,0.5,0
-0.18045,0.12101,0,-0.43555,1,0.359,0.359,0.5,0
-0.18081,0.12029,0,-0.43093,1,0.36,0.36,0.5,0
-0.18114,0.11955,0,-0.42619,1,0.361,0.361,0.5,0
-0.18147,0.1188,0,-0.42144,1,0.362,0.362,0.5,0
-0.1818,0.11806,0,-0.41669,1,0.363,0.363,0.5,0
-0.18213,0.11731,0,-0.41194,1,0.364,0.364,0.5,0
-0.18246,0.11657,0,-0.40719,1,0.365,0.365,0.5,0
-0.18279,0.11582,0,-0.40244,1,0.366,0.366,0.5,0
-0.18312,0.11507,0,-0.39769,1,0.367,0.367,0.5,0
-0.18345,0.11433,0,-0.39295,1,0.368,0.368,0.5,0
-0.18378,0.11358,0,-0.3882,1,0.369,0.369,0.5,0
-0.18411,0.11284,0,-0.38345,1,0.37,0.37,0.5,0
-0.18442,0.11207,0,-0.37858,1,0.371,0.371,0.5,0
-0.18472,0.1113,0,-0.37372,1,0.372,0.372,0.5,0
-0.18503,0.11053,0,-0.36885,1,0.373,0.373,0.5,0
-0.18534,0.10975,0,-0.36398,1,0.374,0.374,0.5,0
-0.18564,0.10898,0,-0.35912,1,0.375,0.375,0.5,0
-0.18595,0.10821,0,-0.35425,1,0.376,0.376,0.5,0
-0.18625,0.10744,0,-0.34939,1,0.377,0.377,0.5,0
-0.18656,0.10667,0,-0.34452,1,0.378,0.378,0.5,0
-0.18687,0.1059,0,-0.33965,1,0.379,0.379,0.5,0
-0.18717,0.10513,0,-0.33479,1,0.38,0.38,0.5,0
-0.18745,0.10434,0,-0.32981,1,0.381,0.381,0.5,0
-0.18773,0.10354,0,-0.32484,1,0.382,0.382,0.5,0
-0.18802,0.10275,0,-0.31986,1,0.383,0.383,0.5,0
-0.1883,0.10196,0,-0.31489,1,0.384,0.384,0.5,0
-0.18858,0.10116,0,-0.30992,1,0.385,0.385,0.5,0
-0.18886,0.10037,0,-0.30494,1,0.386,0.386,0.5,0
-0.18914,0.099577,0,-0.29997,1,0.387,0.387,0.5,0
-0.18942,0.098784,0,-0.295,1,0.388,0.388,0.5,0
-0.1897,0.09799,0,-0.29002,1,0.389,0.389,0.5,0
-0.18998,0.097197,0,-0.28505,1,0.39,0.39,0.5,0
-0.19024,0.096383,0,-0.27998,1,0.391,0.391,0.5,0
-0.1905,0.095569,0,-0.2749,1,0.392,0.392,0.5,0
-0.19075,0.094755,0,-0.26983,1,0.393,0.393,0.5,0
-0.19101,0.093941,0,-0.26476,1,0.394,0.394,0.5,0
-0.19127,0.093127,0,-0.25969,1,0.395,0.395,0.5,0
-0.19152,0.092313,0,-0.25462,1,0.396,0.396,0.5,0
-0.19178,0.091499,0,-0.24955,1,0.397,0.397,0.5,0
-0.19204,0.090685,0,-0.24447,1,0.398,0.398,0.5,0
-0.1923,0.089871,0,-0.2394,1,0.399,0.399,0.5,0
-0.19255,0.089057,0,-0.23433,1,0.4,0.4,0.5,0
-0.19278,0.088224,0,-0.22917,1,0.401,0.401,0.5,0
-0.19302,0.087391,0,-0.22401,1,0.402,0.402,0.5,0
-0.19325,0.086559,0,-0.21885,1,0.403,0.403,0.5,0
-0.19348,0.085726,0,-0.21369,1,0.404,0.404,0.5,0
-0.19371,0.084894,0,-0.20853,1,0.405,0.405,0.5,0
-0.19395,0.084061,0,-0.20337,1,0.406,0.406,0.5,0
-0.19418,0.083229,0,-0.19821,1,0.407,0.407,0.5,0
-0.19441,0.082396,0,-0.19305,1,0.408,0.408,0.5,0
-0.19464,0.081564,0,-0.18789,1,0.409,0.409,0.5,0
-0.19488,0.080731,0,-0.18273,1,0.41,0.41,0.5,0
-0.19508,0.079882,0,-0.17749,1,0.411,0.411,0.5,0
-0.19529,0.079033,0,-0.17225,1,0.412,0.412,0.5,0
-0.1955,0.078184,0,-0.16701,1,0.413,0.413,0.5,0
-0.19571,0.077335,0,-0.16177,1,0.414,0.414,0.5,0
-0.19591,0.076486,0,-0.15653,1,0.415,0.415,0.5,0
-0.19612,0.075637,0,-0.1513,1,0.416,0.416,0.5,0
-0.19633,0.074788,0,-0.14606,1,0.417,0.417,0.5,0
-0.19654,0.073939,0,-0.14082,1,0.418,0.418,0.5,0
-0.19675,0.07309,0,-0.13558,1,0.419,0.419,0.5,0
-0.19695,0.072241,0,-0.13034,1,0.42,0.42,0.5,0
-0.19714,0.071378,0,-0.12503,1,0.421,0.421,0.5,0
-0.19732,0.070514,0,-0.11972,1,0.422,0.422,0.5,0
-0.19751,0.069651,0,-0.11441,1,0.423,0.423,0.5,0
-0.19769,0.068787,0,-0.1091,1,0.424,0.424,0.5,0
-0.19787,0.067924,0,-0.10379,1,0.425,0.425,0.5,0
-0.19806,0.06706,0,-0.098479,1,0.426,0.426,0.5,0
-0.19824,0.066197,0,-0.093169,1,0.427,0.427,0.5,0
-0.19842,0.065333,0,-0.087859,1,0.428,0.428,0.5,0
-0.19861,0.06447,0,-0.082549,1,0.429,0.429,0.5,0
-0.19879,0.063606,0,-0.077239,1,0.43,0.43,0.5,0
-0.19895,0.06273,0,-0.071868,1,0.431,0.431,0.5,0
-0.19911,0.061854,0,-0.066496,1,0.432,0.432,0.5,0
-0.19927,0.060978,0,-0.061124,1,0.433,0.433,0.5,0
-0.19943,0.060102,0,-0.055752,1,0.434,0.434,0.5,0
-0.19959,0.059226,0,-0.05038,1,0.435,0.435,0.5,0
-0.19975,0.05835,0,-0.045008,1,0.436,0.436,0.5,0
-0.19991,0.057474,0,-0.039636,1,0.437,0.437,0.5,0
-0.20007,0.056597,0,-0.034264,1,0.438,0.438,0.5,0
-0.20023,0.055721,0,-0.028892,1,0.439,0.439,0.5,0
-0.20039,0.054845,0,-0.02352,1,0.44,0.44,0.5,0
-0.20052,0.053958,0,-0.018095,1,0.441,0.441,0.5,0
-0.20066,0.053072,0,-0.012669,1,0.442,0.442,0.5,0
-0.20079,0.052185,0,-0.0072433,1,0.443,0.443,0.5,0
-0.20093,0.051298,0,-0.0018175,1,0.444,0.444,0.5,0
-0.20107,0.050411,0,0.0036081,1,0.445,0.445,0.5,0
-0.2012,0.049524,0,0.0090339,1,0.446,0.446,0.5,0
-0.20134,0.048638,0,0.01446,1,0.447,0.447,0.5,0
-0.20147,0.047751,0,0.019885,1,0.448,0.448,0.5,0
-0.20161,0.046864,0,0.025311,1,0.449,0.449,0.5,0
-0.20174,0.045977,0,0.030737,1,0.45,0.45,0.5,0
-0.20186,0.045081,0,0.036208,1,0.451,0.451,0.5,0
-0.20197,0.044185,0,0.041679,1,0.452,0.452,0.5,0
-0.20208,0.04329,0,0.047151,1,0.453,0.453,0.5,0
-0.20219,0.042394,0,0.052622,1,0.454,0.454,0.5,0
-0.2023,0.041498,0,0.058094,1,0.455,0.455,0.5,0
-0.20241,0.040602,0,0.063565,1,0.456,0.456,0.5,0
-0.20253,0.039707,0,0.069037,1,0.457,0.457,0.5,0
-0.20264,0.038811,0,0.074508,1,0.458,0.458,0.5,0
-0.20275,0.037915,0,0.079979,1,0.459,0.459,0.5,0
-0.20286,0.037019,0,0.085451,1,0.46,0.46,0.5,0
-0.20295,0.036116,0,0.09096,1,0.461,0.461,0.5,0
-0.20304,0.035213,0,0.09647,1,0.462,0.462,0.5,0
-0.20313,0.03431,0,0.10198,1,0.463,0.463,0.5,0
-0.20321,0.033407,0,0.10749,1,0.464,0.464,0.5,0
-0.2033,0.032504,0,0.113,1,0.465,0.465,0.5,0
-0.20339,0.031601,0,0.11851,1,0.466,0.466,0.5,0
-0.20348,0.030698,0,0.12402,1,0.467,0.467,0.5,0
-0.20356,0.029795,0,0.12953,1,0.468,0.468,0.5,0
-0.20365,0.028892,0,0.13503,1,0.469,0.469,0.5,0
-0.20374,0.027989,0,0.14054,1,0.47,0.47,0.5,0
-0.2038,0.027081,0,0.14608,1,0.471,0.471,0.5,0
-0.20387,0.026173,0,0.15162,1,0.472,0.472,0.5,0
-0.20393,0.025264,0,0.15716,1,0.473,0.473,0.5,0
-0.204,0.024356,0,0.1627,1,0.474,0.474,0.5,0
-0.20406,0.023447,0,0.16824,1,0.475,0.475,0.5,0
-0.20412,0.022539,0,0.17378,1,0.476,0.476,0.5,0
-0.20419,0.02163,0,0.17932,1,0.477,0.477,0.5,0
-0.20425,0.020722,0,0.18486,1,0.478,0.478,0.5,0
-0.20432,0.019813,0,0.1904,1,0.479,0.479,0.5,0
-0.20438,0.018905,0,0.19594,1,0.48,0.48,0.5,0
-0.20442,0.017993,0,0.2015,1,0.481,0.481,0.5,0
-0.20446,0.01708,0,0.20706,1,0.482,0.482,0.5,0
-0.2045,0.016168,0,0.21262,1,0.483,0.483,0.5,0
-0.20454,0.015256,0,0.21818,1,0.484,0.484,0.5,0
-0.20458,0.014344,0,0.22375,1,0.485,0.485,0.5,0
-0.20462,0.013431,0,0.22931,1,0.486,0.486,0.5,0
-0.20466,0.012519,0,0.23487,1,0.487,0.487,0.5,0
-0.2047,0.011607,0,0.24043,1,0.488,0.488,0.5,0
-0.20474,0.010695,0,0.24599,1,0.489,0.489,0.5,0
-0.20479,0.0097824,0,0.25155,1,0.49,0.49,0.5,0
-0.2048,0.008868,0,0.25713,1,0.491,0.491,0.5,0
-0.20482,0.0079537,0,0.26271,1,0.492,0.492,0.5,0
-0.20484,0.0070393,0,0.26828,1,0.493,0.493,0.5,0
-0.20485,0.006125,0,0.27386,1,0.494,0.494,0.5,0
-0.20487,0.0052106,0,0.27944,1,0.495,0.495,0.5,0
-0.20489,0.0042963,0,0.28501,1,0.496,0.496,0.5,0
-0.2049,0.0033819,0,0.29059,1,0.497,0.497,0.5,0
-0.20492,0.0024675,0,0.29617,1,0.498,0.498,0.5,0
-0.20494,0.0015532,0,0.30174,1,0.499,0.499,0.5,0
-0.20495,0.00063884,0,0.30732,1,0.5,0.5,0.5,0
-0.20495,-0.00027594,0,0.3129,1,0.501,0.501,0.5,0
-0.20494,-0.0011907,0,0.31849,1,0.502,0.502,0.5,0
-0.20493,-0.0021056,0,0.32407,1,0.503,0.503,0.5,0
-0.20492,-0.0030203,0,0.32965,1,0.504,0.504,0.5,0
-0.20492,-0.0039351,0,0.33524,1,0.505,0.505,0.5,0
-0.20491,-0.0048499,0,0.34082,1,0.506,0.506,0.5,0
-0.2049,-0.0057647,0,0.3464,1,0.507,0.507,0.5,0
-0.2049,-0.0066795,0,0.35199,1,0.508,0.508,0.5,0
-0.20489,-0.0075943,0,0.35757,1,0.509,0.509,0.5,0
-0.20488,-0.0085091,0,0.36315,1,0.51,0.51,0.5,0
-0.20485,-0.0094226,0,0.36874,1,0.511,0.511,0.5,0
-0.20482,-0.010336,0,0.37432,1,0.512,0.512,0.5,0
-0.20479,-0.01125,0,0.3799,1,0.513,0.513,0.5,0
-0.20476,-0.012163,0,0.38548,1,0.514,0.514,0.5,0
-0.20473,-0.013077,0,0.39107,1,0.515,0.515,0.5,0
-0.2047,-0.01399,0,0.39665,1,0.516,0.516,0.5,0
-0.20467,-0.014904,0,0.40223,1,0.517,0.517,0.5,0
-0.20464,-0.015817,0,0.40782,1,0.518,0.518,0.5,0
-0.2046,-0.016731,0,0.4134,1,0.519,0.519,0.5,0
-0.20457,-0.017645,0,0.41898,1,0.52,0.52,0.5,0
-0.20452,-0.018555,0,0.42456,1,0.521,0.521,0.5,0
-0.20446,-0.019466,0,0.43013,1,0.522,0.522,0.5,0
-0.20441,-0.020376,0,0.4357,1,0.523,0.523,0.5,0
-0.20436,-0.021287,0,0.44128,1,0.524,0.524,0.5,0
-0.2043,-0.022198,0,0.44685,1,0.525,0.525,0.5,0
-0.20425,-0.023108,0,0.45243,1,0.526,0.526,0.5,0
-0.20419,-0.024019,0,0.458,1,0.527,0.527,0.5,0
-0.20414,-0.024929,0,0.46358,1,0.528,0.528,0.5,0
-0.20408,-0.02584,0,0.46915,1,0.529,0.529,0.5,0
-0.20403,-0.026751,0,0.47473,1,0.53,0.53,0.5,0
-0.20395,-0.027657,0,0.48028,1,0.531,0.531,0.5,0
-0.20387,-0.028563,0,0.48584,1,0.532,0.532,0.5,0
-0.20379,-0.029469,0,0.4914,1,0.533,0.533,0.5,0
-0.20371,-0.030375,0,0.49696,1,0.534,0.534,0.5,0
-0.20363,-0.031281,0,0.50252,1,0.535,0.535,0.5,0
-0.20356,-0.032187,0,0.50807,1,0.536,0.536,0.5,0
-0.20348,-0.033093,0,0.51363,1,0.537,0.537,0.5,0
-0.2034,-0.033998,0,0.51919,1,0.538,0.538,0.5,0
-0.20332,-0.034904,0,0.52475,1,0.539,0.539,0.5,0
-0.20324,-0.03581,0,0.53031,1,0.54,0.54,0.5,0
-0.20314,-0.03671,0,0.53584,1,0.541,0.541,0.5,0
-0.20304,-0.03761,0,0.54137,1,0.542,0.542,0.5,0
-0.20293,-0.038509,0,0.54691,1,0.543,0.543,0.5,0
-0.20283,-0.039409,0,0.55244,1,0.544,0.544,0.5,0
-0.20273,-0.040308,0,0.55798,1,0.545,0.545,0.5,0
-0.20263,-0.041208,0,0.56351,1,0.546,0.546,0.5,0
-0.20252,-0.042108,0,0.56904,1,0.547,0.547,0.5,0
-0.20242,-0.043007,0,0.57458,1,0.548,0.548,0.5,0
-0.20232,-0.043907,0,0.58011,1,0.549,0.549,0.5,0
-0.20222,-0.044806,0,0.58564,1,0.55,0.55,0.5,0
-0.20209,-0.045698,0,0.59114,1,0.551,0.551,0.5,0
-0.20196,-0.046589,0,0.59665,1,0.552,0.552,0.5,0
-0.20184,-0.047481,0,0.60215,1,0.553,0.553,0.5,0
-0.20171,-0.048372,0,0.60765,1,0.554,0.554,0.5,0
-0.20158,-0.049264,0,0.61315,1,0.555,0.555,0.5,0
-0.20146,-0.050155,0,0.61865,1,0.556,0.556,0.5,0
-0.20133,-0.051047,0,0.62415,1,0.557,0.557,0.5,0
-0.2012,-0.051938,0,0.62965,1,0.558,0.558,0.5,0
-0.20108,-0.052829,0,0.63515,1,0.559,0.559,0.5,0
-0.20095,-0.053721,0,0.64065,1,0.56,0.56,0.5,0
-0.2008,-0.054602,0,0.64611,1,0.561,0.561,0.5,0
-0.20065,-0.055484,0,0.65157,1,0.562,0.562,0.5,0
-0.2005,-0.056365,0,0.65703,1,0.563,0.563,0.5,0
-0.20035,-0.057247,0,0.66249,1,0.564,0.564,0.5,0
-0.2002,-0.058128,0,0.66795,1,0.565,0.565,0.5,0
-0.20005,-0.05901,0,0.67341,1,0.566,0.566,0.5,0
-0.19989,-0.059891,0,0.67887,1,0.567,0.567,0.5,0
-0.19974,-0.060773,0,0.68433,1,0.568,0.568,0.5,0
-0.19959,-0.061654,0,0.68979,1,0.569,0.569,0.5,0
-0.19944,-0.062536,0,0.69525,1,0.57,0.57,0.5,0
-0.19927,-0.063405,0,0.70066,1,0.571,0.571,0.5,0
-0.19909,-0.064275,0,0.70607,1,0.572,0.572,0.5,0
-0.19892,-0.065144,0,0.71148,1,0.573,0.573,0.5,0
-0.19874,-0.066014,0,0.71689,1,0.574,0.574,0.5,0
-0.19856,-0.066884,0,0.7223,1,0.575,0.575,0.5,0
-0.19839,-0.067753,0,0.72771,1,0.576,0.576,0.5,0
-0.19821,-0.068623,0,0.73312,1,0.577,0.577,0.5,0
-0.19804,-0.069492,0,0.73853,1,0.578,0.578,0.5,0
-0.19786,-0.070362,0,0.74394,1,0.579,0.579,0.5,0
-0.19769,-0.071232,0,0.74935,1,0.58,0.58,0.5,0
-0.19749,-0.072087,0,0.7547,1,0.581,0.581,0.5,0
-0.19729,-0.072943,0,0.76005,1,0.582,0.582,0.5,0
-0.19709,-0.073799,0,0.7654,1,0.583,0.583,0.5,0
-0.19689,-0.074655,0,0.77075,1,0.584,0.584,0.5,0
-0.19669,-0.075511,0,0.7761,1,0.585,0.585,0.5,0
-0.19649,-0.076366,0,0.78145,1,0.586,0.586,0.5,0
-0.19629,-0.077222,0,0.7868,1,0.587,0.587,0.5,0
-0.19609,-0.078078,0,0.79215,1,0.588,0.588,0.5,0
-0.19589,-0.078934,0,0.7975,1,0.589,0.589,0.5,0
-0.19569,-0.079789,0,0.80285,1,0.59,0.59,0.5,0
-0.19546,-0.08063,0,0.80813,1,0.591,0.591,0.5,0
-0.19524,-0.081469,0,0.81341,1,0.592,0.592,0.5,0
-0.19501,-0.082309,0,0.8187,1,0.593,0.593,0.5,0
-0.19479,-0.083149,0,0.82398,1,0.594,0.594,0.5,0
-0.19457,-0.083989,0,0.82926,1,0.595,0.595,0.5,0
-0.19434,-0.084829,0,0.83454,1,0.596,0.596,0.5,0
-0.19412,-0.085669,0,0.83982,1,0.597,0.597,0.5,0
-0.19389,-0.086509,0,0.8451,1,0.598,0.598,0.5,0
-0.19367,-0.087349,0,0.85039,1,0.599,0.599,0.5,0
-0.19344,-0.088189,0,0.85567,1,0.6,0.6,0.5,0
-0.19319,-0.089011,0,0.86087,1,0.601,0.601,0.5,0
-0.19294,-0.089833,0,0.86607,1,0.602,0.602,0.5,0
-0.19269,-0.090655,0,0.87128,1,0.603,0.603,0.5,0
-0.19244,-0.091477,0,0.87648,1,0.604,0.604,0.5,0
-0.19219,-0.0923,0,0.88168,1,0.605,0.605,0.5,0
-0.19194,-0.093122,0,0.88689,1,0.606,0.606,0.5,0
-0.1917,-0.093944,0,0.89209,1,0.607,0.607,0.5,0
-0.19145,-0.094766,0,0.89729,1,0.608,0.608,0.5,0
-0.1912,-0.095588,0,0.9025,1,0.609,0.609,0.5,0
-0.19095,-0.09641,0,0.9077,1,0.61,0.61,0.5,0
-0.19067,-0.097212,0,0.91281,1,0.611,0.611,0.5,0
-0.1904,-0.098014,0,0.91793,1,0.612,0.612,0.5,0
-0.19012,-0.098816,0,0.92304,1,0.613,0.613,0.5,0
-0.18985,-0.099618,0,0.92816,1,0.614,0.614,0.5,0
-0.18957,-0.10042,0,0.93327,1,0.615,0.615,0.5,0
-0.1893,-0.10122,0,0.93839,1,0.616,0.616,0.5,0
-0.18902,-0.10202,0,0.9435,1,0.617,0.617,0.5,0
-0.18875,-0.10283,0,0.94861,1,0.618,0.618,0.5,0
-0.18848,-0.10363,0,0.95373,1,0.619,0.619,0.5,0
-0.1882,-0.10443,0,0.95884,1,0.62,0.62,0.5,0
-0.1879,-0.10521,0,0.96386,1,0.621,0.621,0.5,0
-0.1876,-0.10599,0,0.96887,1,0.622,0.622,0.5,0
-0.1873,-0.10677,0,0.97389,1,0.623,0.623,0.5,0
-0.187,-0.10755,0,0.9789,1,0.624,0.624,0.5,0
-0.1867,-0.10833,0,0.98392,1,0.625,0.625,0.5,0
-0.1864,-0.10911,0,0.98893,1,0.626,0.626,0.5,0
-0.1861,-0.10989,0,0.99395,1,0.627,0.627,0.5,0
-0.1858,-0.11067,0,0.99896,1,0.628,0.628,0.5,0
-0.1855,-0.11145,0,1.004,1,0.629,0.629,0.5,0
-0.1852,-0.11223,0,1.009,1,0.63,0.63,0.5,0
-0.18488,-0.11298,0,1.0139,1,0.631,0.631,0.5,0
-0.18455,-0.11374,0,1.0188,1,0.632,0.632,0.5,0
-0.18423,-0.11449,0,1.0237,1,0.633,0.633,0.5,0
-0.1839,-0.11525,0,1.0286,1,0.634,0.634,0.5,0
-0.18358,-0.116,0,1.0335,1,0.635,0.635,0.5,0
-0.18325,-0.11675,0,1.0384,1,0.636,0.636,0.5,0
-0.18293,-0.11751,0,1.0433,1,0.637,0.637,0.5,0
-0.1826,-0.11826,0,1.0482,1,0.638,0.638,0.5,0
-0.18228,-0.11902,0,1.0531,1,0.639,0.639,0.5,0
-0.18196,-0.11977,0,1.058,1,0.64,0.64,0.5,0
-0.1816,-0.1205,0,1.0628,1,0.641,0.641,0.5,0
-0.18125,-0.12123,0,1.0676,1,0.642,0.642,0.5,0
-0.1809,-0.12196,0,1.0724,1,0.643,0.643,0.5,0
-0.18055,-0.12269,0,1.0772,1,0.644,0.644,0.5,0
-0.1802,-0.12341,0,1.0819,1,0.645,0.645,0.5,0
-0.17985,-0.12414,0,1.0867,1,0.646,0.646,0.5,0
-0.1795,-0.12487,0,1.0915,1,0.647,0.647,0.5,0
-0.17915,-0.1256,0,1.0963,1,0.648,0.648,0.5,0
-0.1788,-0.12632,0,1.1011,1,0.649,0.649,0.5,0
-0.17845,-0.12705,0,1.1058,1,0.65,0.65,0.5,0
-0.17808,-0.12775,0,1.1105,1,0.651,0.651,0.5,0
-0.1777,-0.12845,0,1.1151,1,0.652,0.652,0.5,0
-0.17733,-0.12915,0,1.1198,1,0.653,0.653,0.5,0
-0.17695,-0.12984,0,1.1244,1,0.654,0.654,0.5,0
-0.17658,-0.13054,0,1.1291,1,0.655,0.655,0.5,0
-0.1762,-0.13124,0,1.1337,1,0.656,0.656,0.5,0
-0.17583,-0.13194,0,1.1384,1,0.657,0.657,0.5,0
-0.17545,-0.13264,0,1.143,1,0.658,0.658,0.5,0
-0.17508,-0.13333,0,1.1477,1,0.659,0.659,0.5,0
-0.1747,-0.13403,0,1.1523,1,0.66,0.66,0.5,0
-0.1743,-0.1347,0,1.1568,1,0.661,0.661,0.5,0
-0.1739,-0.13536,0,1.1613,1,0.662,0.662,0.5,0
-0.1735,-0.13603,0,1.1658,1,0.663,0.663,0.5,0
-0.1731,-0.13669,0,1.1703,1,0.664,0.664,0.5,0
-0.1727,-0.13736,0,1.1748,1,0.665,0.665,0.5,0
-0.1723,-0.13803,0,1.1793,1,0.666,0.666,0.5,0
-0.1719,-0.13869,0,1.1838,1,0.667,0.667,0.5,0
-0.1715,-0.13936,0,1.1883,1,0.668,0.668,0.5,0
-0.1711,-0.14002,0,1.1928,1,0.669,0.669,0.5,0
-0.1707,-0.14069,0,1.1973,1,0.67,0.67,0.5,0
-0.17027,-0.14132,0,1.2016,1,0.671,0.671,0.5,0
-0.16985,-0.14195,0,1.206,1,0.672,0.672,0.5,0
-0.16942,-0.14258,0,1.2103,1,0.673,0.673,0.5,0
-0.169,-0.14321,0,1.2147,1,0.674,0.674,0.5,0
-0.16857,-0.14384,0,1.219,1,0.675,0.675,0.5,0
-0.16814,-0.14447,0,1.2233,1,0.676,0.676,0.5,0
-0.16772,-0.1451,0,1.2277,1,0.677,0.677,0.5,0
-0.16729,-0.14573,0,1.232,1,0.678,0.678,0.5,0
-0.16687,-0.14636,0,1.2364,1,0.679,0.679,0.5,0
-0.16644,-0.14699,0,1.2407,1,0.68,0.68,0.5,0
-0.16599,-0.14759,0,1.2449,1,0.681,0.681,0.5,0
-0.16554,-0.14818,0,1.249,1,0.682,0.682,0.5,0
-0.16509,-0.14877,0,1.2532,1,0.683,0.683,0.5,0
-0.16464,-0.14936,0,1.2574,1,0.684,0.684,0.5,0
-0.16419,-0.14996,0,1.2615,1,0.685,0.685,0.5,0
-0.16374,-0.15055,0,1.2657,1,0.686,0.686,0.5,0
-0.16329,-0.15114,0,1.2699,1,0.687,0.687,0.5,0
-0.16284,-0.15173,0,1.274,1,0.688,0.688,0.5,0
-0.16239,-0.15233,0,1.2782,1,0.689,0.689,0.5,0
-0.16194,-0.15292,0,1.2823,1,0.69,0.69,0.5,0
-0.16147,-0.15347,0,1.2863,1,0.691,0.691,0.5,0
-0.16099,-0.15402,0,1.2903,1,0.692,0.692,0.5,0
-0.16052,-0.15457,0,1.2943,1,0.693,0.693,0.5,0
-0.16005,-0.15513,0,1.2983,1,0.694,0.694,0.5,0
-0.15957,-0.15568,0,1.3022,1,0.695,0.695,0.5,0
-0.1591,-0.15623,0,1.3062,1,0.696,0.696,0.5,0
-0.15862,-0.15678,0,1.3102,1,0.697,0.697,0.5,0
-0.15815,-0.15733,0,1.3142,1,0.698,0.698,0.5,0
-0.15767,-0.15789,0,1.3181,1,0.699,0.699,0.5,0
-0.1572,-0.15844,0,1.3221,1,0.7,0.7,0.5,0
-0.1567,-0.15894,0,1.3259,1,0.701,0.701,0.5,0
-0.1562,-0.15945,0,1.3297,1,0.702,0.702,0.5,0
-0.15571,-0.15996,0,1.3334,1,0.703,0.703,0.5,0
-0.15521,-0.16047,0,1.3372,1,0.704,0.704,0.5,0
-0.15471,-0.16098,0,1.341,1,0.705,0.705,0.5,0
-0.15421,-0.16148,0,1.3447,1,0.706,0.706,0.5,0
-0.15371,-0.16199,0,1.3485,1,0.707,0.707,0.5,0
-0.15322,-0.1625,0,1.3523,1,0.708,0.708,0.5,0
-0.15272,-0.16301,0,1.3561,1,0.709,0.709,0.5,0
-0.15222,-0.16352,0,1.3598,1,0.71,0.71,0.5,0
-0.1517,-0.16398,0,1.3634,1,0.711,0.711,0.5,0
-0.15118,-0.16444,0,1.367,1,0.712,0.712,0.5,0
-0.15066,-0.1649,0,1.3705,1,0.713,0.713,0.5,0
-0.15014,-0.16536,0,1.3741,1,0.714,0.714,0.5,0
-0.14961,-0.16582,0,1.3776,1,0.715,0.715,0.5,0
-0.14909,-0.16628,0,1.3812,1,0.716,0.716,0.5,0
-0.14857,-0.16674,0,1.3847,1,0.717,0.717,0.5,0
-0.14805,-0.1672,0,1.3883,1,0.718,0.718,0.5,0
-0.14753,-0.16766,0,1.3918,1,0.719,0.719,0.5,0
-0.14701,-0.16812,0,1.3954,1,0.72,0.72,0.5,0
-0.14647,-0.16854,0,1.3987,1,0.721,0.721,0.5,0
-0.14592,-0.16895,0,1.402,1,0.722,0.722,0.5,0
-0.14538,-0.16936,0,1.4054,1,0.723,0.723,0.5,0
-0.14483,-0.16977,0,1.4087,1,0.724,0.724,0.5,0
-0.14429,-0.17018,0,1.412,1,0.725,0.725,0.5,0
-0.14375,-0.17059,0,1.4153,1,0.726,0.726,0.5,0
-0.1432,-0.171,0,1.4186,1,0.727,0.727,0.5,0
-0.14266,-0.17141,0,1.422,1,0.728,0.728,0.5,0
-0.14212,-0.17182,0,1.4253,1,0.729,0.729,0.5,0
-0.14157,-0.17223,0,1.4286,1,0.73,0.73,0.5,0
-0.14101,-0.17259,0,1.4317,1,0.731,0.731,0.5,0
-0.14044,-0.17295,0,1.4347,1,0.732,0.732,0.5,0
-0.13988,-0.1733,0,1.4378,1,0.733,0.733,0.5,0
-0.13931,-0.17366,0,1.4409,1,0.734,0.734,0.5,0
-0.13875,-0.17402,0,1.444,1,0.735,0.735,0.5,0
-0.13819,-0.17438,0,1.447,1,0.736,0.736,0.5,0
-0.13762,-0.17473,0,1.4501,1,0.737,0.737,0.5,0
-0.13706,-0.17509,0,1.4532,1,0.738,0.738,0.5,0
-0.13649,-0.17545,0,1.4562,1,0.739,0.739,0.5,0
-0.13593,-0.17581,0,1.4593,1,0.74,0.74,0.5,0
-0.13534,-0.17611,0,1.4621,1,0.741,0.741,0.5,0
-0.13476,-0.17641,0,1.4649,1,0.742,0.742,0.5,0
-0.13417,-0.17671,0,1.4677,1,0.743,0.743,0.5,0
-0.13359,-0.17701,0,1.4705,1,0.744,0.744,0.5,0
-0.133,-0.17731,0,1.4733,1,0.745,0.745,0.5,0
-0.13242,-0.17761,0,1.4762,1,0.746,0.746,0.5,0
-0.13183,-0.17791,0,1.479,1,0.747,0.747,0.5,0
-0.13125,-0.17822,0,1.4818,1,0.748,0.748,0.5,0
-0.13066,-0.17852,0,1.4846,1,0.749,0.749,0.5,0
-0.13008,-0.17882,0,1.4874,1,0.75,0.75,0.5,0
-0.12947,-0.17906,0,1.4899,1,0.751,0.751,0.5,0
-0.12887,-0.1793,0,1.4924,1,0.752,0.752,0.5,0
-0.12826,-0.17954,0,1.4949,1,0.753,0.753,0.5,0
-0.12766,-0.17978,0,1.4975,1,0.754,0.754,0.5,0
-0.12706,-0.18002,0,1.5,1,0.755,0.755,0.5,0
-0.12645,-0.18026,0,1.5025,1,0.756,0.756,0.5,0
-0.12585,-0.18051,0,1.505,1,0.757,0.757,0.5,0
-0.12525,-0.18075,0,1.5076,1,0.758,0.758,0.5,0
-0.12464,-0.18099,0,1.5101,1,0.759,0.759,0.5,0
-0.12404,-0.18123,0,1.5126,1,0.76,0.76,0.5,0
-0.12342,-0.18141,0,1.5148,1,0.761,0.761,0.5,0
-0.1228,-0.18159,0,1.517,1,0.762,0.762,0.5,0
-0.12217,-0.18176,0,1.5193,1,0.763,0.763,0.5,0
-0.12155,-0.18194,0,1.5215,1,0.764,0.764,0.5,0
-0.12093,-0.18212,0,1.5237,1,0.765,0.765,0.5,0
-0.12031,-0.1823,0,1.5259,1,0.766,0.766,0.5,0
-0.11969,-0.18248,0,1.5282,1,0.767,0.767,0.5,0
-0.11907,-0.18265,0,1.5304,1,0.768,0.768,0.5,0
-0.11845,-0.18283,0,1.5326,1,0.769,0.769,0.5,0
-0.11783,-0.18301,0,1.5348,1,0.77,0.77,0.5,0
-0.11719,-0.18312,0,1.5367,1,0.771,0.771,0.5,0
-0.11655,-0.18324,0,1.5387,1,0.772,0.772,0.5,0
-0.11592,-0.18335,0,1.5406,1,0.773,0.773,0.5,0
-0.11528,-0.18346,0,1.5425,1,0.774,0.774,0.5,0
-0.11464,-0.18357,0,1.5444,1,0.775,0.775,0.5,0
-0.11401,-0.18368,0,1.5463,1,0.776,0.776,0.5,0
-0.11337,-0.18379,0,1.5482,1,0.777,0.777,0.5,0
-0.11274,-0.18391,0,1.5501,1,0.778,0.778,0.5,0
-0.1121,-0.18402,0,1.552,1,0.779,0.779,0.5,0
-0.11146,-0.18413,0,1.5539,1,0.78,0.78,0.5,0
-0.11081,-0.18417,0,1.5555,1,0.781,0.781,0.5,0
-0.11016,-0.18422,0,1.5571,1,0.782,0.782,0.5,0
-0.10951,-0.18426,0,1.5586,1,0.783,0.783,0.5,0
-0.10886,-0.1843,0,1.5602,1,0.784,0.784,0.5,0
-0.10821,-0.18434,0,1.5618,1,0.785,0.785,0.5,0
-0.10756,-0.18439,0,1.5634,1,0.786,0.786,0.5,0
-0.10691,-0.18443,0,1.5649,1,0.787,0.787,0.5,0
-0.10626,-0.18447,0,1.5665,1,0.788,0.788,0.5,0
-0.10561,-0.18451,0,1.5681,1,0.789,0.789,0.5,0
-0.10496,-0.18456,0,1.5697,1,0.79,0.79,0.5,0
-0.1043,-0.18453,0,1.5709,1,0.791,0.791,0.5,0
-0.10364,-0.1845,0,1.5721,1,0.792,0.792,0.5,0
-0.10298,-0.18447,0,1.5733,1,0.793,0.793,0.5,0
-0.10232,-0.18444,0,1.5746,1,0.794,0.794,0.5,0
-0.10166,-0.18441,0,1.5758,1,0.795,0.795,0.5,0
-0.101,-0.18438,0,1.577,1,0.796,0.796,0.5,0
-0.10034,-0.18435,0,1.5782,1,0.797,0.797,0.5,0
-0.099676,-0.18432,0,1.5795,1,0.798,0.798,0.5,0
-0.099015,-0.18429,0,1.5807,1,0.799,0.799,0.5,0
-0.098354,-0.18426,0,1.5819,1,0.8,0.8,0.5,0
-0.097685,-0.18415,0,1.5828,1,0.801,0.801,0.5,0
-0.097015,-0.18405,0,1.5836,1,0.802,0.802,0.5,0
-0.096346,-0.18394,0,1.5845,1,0.803,0.803,0.5,0
-0.095676,-0.18384,0,1.5853,1,0.804,0.804,0.5,0
-0.095007,-0.18373,0,1.5862,1,0.805,0.805,0.5,0
-0.094337,-0.18363,0,1.5871,1,0.806,0.806,0.5,0
-0.093668,-0.18352,0,1.5879,1,0.807,0.807,0.5,0
-0.092998,-0.18341,0,1.5888,1,0.808,0.808,0.5,0
-0.092328,-0.18331,0,1.5896,1,0.809,0.809,0.5,0
-0.091659,-0.1832,0,1.5905,1,0.81,0.81,0.5,0
-0.090984,-0.18302,0,1.591,1,0.811,0.811,0.5,0
-0.090309,-0.18284,0,1.5914,1,0.812,0.812,0.5,0
-0.089633,-0.18265,0,1.5919,1,0.813,0.813,0.5,0
-0.088958,-0.18247,0,1.5924,1,0.814,0.814,0.5,0
-0.088283,-0.18229,0,1.5929,1,0.815,0.815,0.5,0
-0.087608,-0.1821,0,1.5933,1,0.816,0.816,0.5,0
-0.086932,-0.18192,0,1.5938,1,0.817,0.817,0.5,0
-0.086257,-0.18174,0,1.5943,1,0.818,0.818,0.5,0
-0.085582,-0.18155,0,1.5948,1,0.819,0.819,0.5,0
-0.084907,-0.18137,0,1.5953,1,0.82,0.82,0.5,0
-0.084229,-0.1811,0,1.5953,1,0.821,0.821,0.5,0
-0.083551,-0.18084,0,1.5954,1,0.822,0.822,0.5,0
-0.082873,-0.18057,0,1.5955,1,0.823,0.823,0.5,0
-0.082195,-0.18031,0,1.5956,1,0.824,0.824,0.5,0
-0.081517,-0.18005,0,1.5956,1,0.825,0.825,0.5,0
-0.080839,-0.17978,0,1.5957,1,0.826,0.826,0.5,0
-0.080161,-0.17952,0,1.5958,1,0.827,0.827,0.5,0
-0.079484,-0.17925,0,1.5959,1,0.828,0.828,0.5,0
-0.078806,-0.17899,0,1.596,1,0.829,0.829,0.5,0
-0.078128,-0.17872,0,1.596,1,0.83,0.83,0.5,0
-0.077451,-0.17838,0,1.5957,1,0.831,0.831,0.5,0
-0.076773,-0.17803,0,1.5954,1,0.832,0.832,0.5,0
-0.076096,-0.17768,0,1.595,1,0.833,0.833,0.5,0
-0.075419,-0.17733,0,1.5947,1,0.834,0.834,0.5,0
-0.074742,-0.17698,0,1.5944,1,0.835,0.835,0.5,0
-0.074065,-0.17664,0,1.594,1,0.836,0.836,0.5,0
-0.073388,-0.17629,0,1.5937,1,0.837,0.837,0.5,0
-0.07271,-0.17594,0,1.5933,1,0.838,0.838,0.5,0
-0.072033,-0.17559,0,1.593,1,0.839,0.839,0.5,0
-0.071356,-0.17525,0,1.5927,1,0.84,0.84,0.5,0
-0.070683,-0.17481,0,1.5919,1,0.841,0.841,0.5,0
-0.07001,-0.17438,0,1.5911,1,0.842,0.842,0.5,0
-0.069338,-0.17394,0,1.5904,1,0.843,0.843,0.5,0
-0.068665,-0.17351,0,1.5896,1,0.844,0.844,0.5,0
-0.067992,-0.17308,0,1.5889,1,0.845,0.845,0.5,0
-0.067319,-0.17264,0,1.5881,1,0.846,0.846,0.5,0
-0.066646,-0.17221,0,1.5873,1,0.847,0.847,0.5,0
-0.065974,-0.17178,0,1.5866,1,0.848,0.848,0.5,0
-0.065301,-0.17134,0,1.5858,1,0.849,0.849,0.5,0
-0.064628,-0.17091,0,1.585,1,0.85,0.85,0.5,0
-0.063963,-0.17039,0,1.5838,1,0.851,0.851,0.5,0
-0.063299,-0.16987,0,1.5826,1,0.852,0.852,0.5,0
-0.062634,-0.16935,0,1.5814,1,0.853,0.853,0.5,0
-0.06197,-0.16883,0,1.5802,1,0.854,0.854,0.5,0
-0.061305,-0.16831,0,1.579,1,0.855,0.855,0.5,0
-0.06064,-0.16779,0,1.5778,1,0.856,0.856,0.5,0
-0.059976,-0.16727,0,1.5766,1,0.857,0.857,0.5,0
-0.059311,-0.16675,0,1.5754,1,0.858,0.858,0.5,0
-0.058647,-0.16622,0,1.5742,1,0.859,0.859,0.5,0
-0.057982,-0.1657,0,1.573,1,0.86,0.86,0.5,0
-0.05733,-0.16509,0,1.5713,1,0.861,0.861,0.5,0
-0.056677,-0.16448,0,1.5697,1,0.862,0.862,0.5,0
-0.056025,-0.16387,0,1.568,1,0.863,0.863,0.5,0
-0.055373,-0.16326,0,1.5663,1,0.864,0.864,0.5,0
-0.054721,-0.16266,0,1.5647,1,0.865,0.865,0.5,0
-0.054069,-0.16205,0,1.563,1,0.866,0.866,0.5,0
-0.053416,-0.16144,0,1.5614,1,0.867,0.867,0.5,0
-0.052764,-0.16083,0,1.5597,1,0.868,0.868,0.5,0
-0.052112,-0.16022,0,1.558,1,0.869,0.869,0.5,0
-0.05146,-0.15961,0,1.5564,1,0.87,0.87,0.5,0
-0.050824,-0.15891,0,1.5542,1,0.871,0.871,0.5,0
-0.050189,-0.15821,0,1.5521,1,0.872,0.872,0.5,0
-0.049553,-0.15751,0,1.55,1,0.873,0.873,0.5,0
-0.048917,-0.15681,0,1.5479,1,0.874,0.874,0.5,0
-0.048282,-0.15611,0,1.5457,1,0.875,0.875,0.5,0
-0.047646,-0.15541,0,1.5436,1,0.876,0.876,0.5,0
-0.047011,-0.15471,0,1.5415,1,0.877,0.877,0.5,0
-0.046375,-0.15401,0,1.5394,1,0.878,0.878,0.5,0
-0.04574,-0.15331,0,1.5372,1,0.879,0.879,0.5,0
-0.045104,-0.15261,0,1.5351,1,0.88,0.88,0.5,0
-0.04449,-0.15182,0,1.5325,1,0.881,0.881,0.5,0
-0.043876,-0.15102,0,1.5299,1,0.882,0.882,0.5,0
-0.043262,-0.15023,0,1.5273,1,0.883,0.883,0.5,0
-0.042648,-0.14944,0,1.5247,1,0.884,0.884,0.5,0
-0.042033,-0.14865,0,1.5221,1,0.885,0.885,0.5,0
-0.041419,-0.14786,0,1.5195,1,0.886,0.886,0.5,0
-0.040805,-0.14707,0,1.5169,1,0.887,0.887,0.5,0
-0.040191,-0.14628,0,1.5143,1,0.888,0.888,0.5,0
-0.039577,-0.14549,0,1.5117,1,0.889,0.889,0.5,0
-0.038962,-0.1447,0,1.5091,1,0.89,0.89,0.5,0
-0.038374,-0.14381,0,1.506,1,0.891,0.891,0.5,0
-0.037786,-0.14293,0,1.5029,1,0.892,0.892,0.5,0
-0.037198,-0.14205,0,1.4998,1,0.893,0.893,0.5,0
-0.03661,-0.14117,0,1.4967,1,0.894,0.894,0.5,0
-0.036022,-0.14028,0,1.4937,1,0.895,0.895,0.5,0
-0.035434,-0.1394,0,1.4906,1,0.896,0.896,0.5,0
-0.034846,-0.13852,0,1.4875,1,0.897,0.897,0.5,0
-0.034258,-0.13764,0,1.4844,1,0.898,0.898,0.5,0
-0.03367,-0.13675,0,1.4813,1,0.899,0.899,0.5,0
-0.033081,-0.13587,0,1.4782,1,0.9,0.9,0.5,0
-0.032524,-0.1349,0,1.4746,1,0.901,0.901,0.5,0
-0.031967,-0.13392,0,1.4711,1,0.902,0.902,0.5,0
-0.03141,-0.13295,0,1.4675,1,0.903,0.903,0.5,0
-0.030853,-0.13198,0,1.4639,1,0.904,0.904,0.5,0
-0.030296,-0.131,0,1.4603,1,0.905,0.905,0.5,0
-0.029739,-0.13003,0,1.4567,1,0.906,0.906,0.5,0
-0.029182,-0.12905,0,1.4532,1,0.907,0.907,0.5,0
-0.028625,-0.12808,0,1.4496,1,0.908,0.908,0.5,0
-0.028068,-0.12711,0,1.446,1,0.909,0.909,0.5,0
-0.027511,-0.12613,0,1.4424,1,0.91,0.91,0.5,0
-0.02699,-0.12507,0,1.4383,1,0.911,0.911,0.5,0
-0.02647,-0.124,0,1.4343,1,0.912,0.912,0.5,0
-0.025949,-0.12294,0,1.4302,1,0.913,0.913,0.5,0
-0.025428,-0.12187,0,1.4261,1,0.914,0.914,0.5,0
-0.024907,-0.12081,0,1.422,1,0.915,0.915,0.5,0
-0.024386,-0.11975,0,1.4179,1,0.916,0.916,0.5,0
-0.023865,-0.11868,0,1.4139,1,0.917,0.917,0.5,0
-0.023344,-0.11762,0,1.4098,1,0.918,0.918,0.5,0
-0.022824,-0.11655,0,1.4057,1,0.919,0.919,0.5,0
-0.022303,-0.11549,0,1.4016,1,0.92,0.92,0.5,0
-0.021823,-0.11433,0,1.3971,1,0.921,0.921,0.5,0
-0.021344,-0.11318,0,1.3925,1,0.922,0.922,0.5,0
-0.020864,-0.11202,0,1.3879,1,0.923,0.923,0.5,0
-0.020385,-0.11087,0,1.3833,1,0.924,0.924,0.5,0
-0.019905,-0.10971,0,1.3787,1,0.925,0.925,0.5,0
-0.019426,-0.10856,0,1.3742,1,0.926,0.926,0.5,0
-0.018947,-0.10741,0,1.3696,1,0.927,0.927,0.5,0
-0.018467,-0.10625,0,1.365,1,0.928,0.928,0.5,0
-0.017988,-0.1051,0,1.3604,1,0.929,0.929,0.5,0
-0.017508,-0.10394,0,1.3558,1,0.93,0.93,0.5,0
-0.017075,-0.1027,0,1.3508,1,0.931,0.931,0.5,0
-0.016643,-0.10146,0,1.3457,1,0.932,0.932,0.5,0
-0.01621,-0.10021,0,1.3406,1,0.933,0.933,0.5,0
-0.015777,-0.098972,0,1.3355,1,0.934,0.934,0.5,0
-0.015345,-0.097729,0,1.3304,1,0.935,0.935,0.5,0
-0.014912,-0.096487,0,1.3253,1,0.936,0.936,0.5,0
-0.014479,-0.095244,0,1.3203,1,0.937,0.937,0.5,0
-0.014046,-0.094001,0,1.3152,1,0.938,0.938,0.5,0
-0.013614,-0.092759,0,1.3101,1,0.939,0.939,0.5,0
-0.013181,-0.091516,0,1.305,1,0.94,0.94,0.5,0
-0.0128,-0.090187,0,1.2994,1,0.941,0.941,0.5,0
-0.012419,-0.088858,0,1.2938,1,0.942,0.942,0.5,0
-0.012039,-0.08753,0,1.2882,1,0.943,0.943,0.5,0
-0.011658,-0.086201,0,1.2826,1,0.944,0.944,0.5,0
-0.011277,-0.084872,0,1.277,1,0.945,0.945,0.5,0
-0.010897,-0.083543,0,1.2714,1,0.946,0.946,0.5,0
-0.010516,-0.082214,0,1.2658,1,0.947,0.947,0.5,0
-0.010135,-0.080886,0,1.2602,1,0.948,0.948,0.5,0
-0.0097548,-0.079557,0,1.2547,1,0.949,0.949,0.5,0
-0.0093741,-0.078228,0,1.2491,1,0.95,0.95,0.5,0
-0.0090509,-0.076816,0,1.243,1,0.951,0.951,0.5,0
-0.0087275,-0.075404,0,1.2369,1,0.952,0.952,0.5,0
-0.0084042,-0.073992,0,1.2308,1,0.953,0.953,0.5,0
-0.008081,-0.072579,0,1.2247,1,0.954,0.954,0.5,0
-0.0077577,-0.071167,0,1.2187,1,0.955,0.955,0.5,0
-0.0074344,-0.069755,0,1.2126,1,0.956,0.956,0.5,0
-0.0071111,-0.068343,0,1.2065,1,0.957,0.957,0.5,0
-0.0067878,-0.06693,0,1.2004,1,0.958,0.958,0.5,0
-0.0064645,-0.065518,0,1.1943,1,0.959,0.959,0.5,0
-0.0061412,-0.064106,0,1.1883,1,0.96,0.96,0.5,0
-0.0058802,-0.062614,0,1.1817,1,0.961,0.961,0.5,0
-0.0056192,-0.061121,0,1.1752,1,0.962,0.962,0.5,0
-0.0053582,-0.059629,0,1.1687,1,0.963,0.963,0.5,0
-0.0050972,-0.058136,0,1.1622,1,0.964,0.964,0.5,0
-0.0048362,-0.056644,0,1.1557,1,0.965,0.965,0.5,0
-0.0045752,-0.055151,0,1.1491,1,0.966,0.966,0.5,0
-0.0043142,-0.053659,0,1.1426,1,0.967,0.967,0.5,0
-0.0040532,-0.052167,0,1.1361,1,0.968,0.968,0.5,0
-0.0037922,-0.050674,0,1.1296,1,0.969,0.969,0.5,0
-0.0035312,-0.049182,0,1.1231,1,0.97,0.97,0.5,0
-0.0033387,-0.047613,0,1.1158,1,0.971,0.971,0.5,0
-0.0031461,-0.046044,0,1.1086,1,0.972,0.972,0.5,0
-0.0029536,-0.044475,0,1.1013,1,0.973,0.973,0.5,0
-0.0027611,-0.042906,0,1.094,1,0.974,0.974,0.5,0
-0.0025685,-0.041337,0,1.0868,1,0.975,0.975,0.5,0
-0.002376,-0.039768,0,1.0795,1,0.976,0.976,0.5,0
-0.0021835,-0.038199,0,1.0723,1,0.977,0.977,0.5,0
-0.0019909,-0.03663,0,1.065,1,0.978,0.978,0.5,0
-0.0017984,-0.035061,0,1.0577,1,0.979,0.979,0.5,0
-0.0016059,-0.033492,0,1.0505,1,0.98,0.98,0.5,0
-0.0014924,-0.031851,0,1.0419,1,0.981,0.981,0.5,0
-0.0013789,-0.03021,0,1.0333,1,0.982,0.982,0.5,0
-0.0012654,-0.028569,0,1.0247,1,0.983,0.983,0.5,0
-0.001152,-0.026928,0,1.0161,1,0.984,0.984,0.5,0
-0.0010385,-0.025286,0,1.0075,1,0.985,0.985,0.5,0
-0.000925,-0.023645,0,0.99893,1,0.986,0.986,0.5,0
-0.00081152,-0.022004,0,0.99034,1,0.987,0.987,0.5,0
-0.00069804,-0.020363,0,0.98175,1,0.988,0.988,0.5,0
-0.00058456,-0.018722,0,0.97316,1,0.989,0.989,0.5,0
-0.00047108,-0.017081,0,0.96457,1,0.99,0.99,0.5,0
-0.00042397,-0.015373,0,0.95987,1,0.991,0.991,0.5,0
-0.00037687,-0.013665,0,0.95518,1,0.992,0.992,0.5,0
-0.00032976,-0.011957,0,0.95048,1,0.993,0.993,0.5,0
-0.00028265,-0.010249,0,0.94579,1,0.994,0.994,0.5,0
-0.00023554,-0.0085405,0,0.94109,1,0.995,0.995,0.5,0
-0.00018843,-0.0068324,0,0.93639,1,0.996,0.996,0.5,0
-0.00014133,-0.0051243,0,0.9317,1,0.997,0.997,0.5,0
-9.4215e-05,-0.0034161,0,0.927,1,0.998,0.998,0.5,0
-4.7108e-05,-0.0017081,0,0.92231,1,0.999,0.999,0.5,0
0,0,0,0.91761,1,1,1,0.5,0
